{"i":1000,"val_loss_history":[0.8927922869722],"val_loss_history_it":[1000],"forward_backward_times":{},"opt":{"max_epochs":100,"checkpoint_every":1000,"batch_size":50,"memory_benchmark":0,"init_from":"","grad_clip":5,"model_type":"lstm","lr_decay_every":5,"print_every":1,"wordvec_size":64,"seq_length":50,"input_json":"data\/paths.json","num_layers":2,"input_h5":"data\/paths.h5","reset_iterations":1,"rnn_size":128,"dropout":0.2,"checkpoint_name":"cv\/paths","batchnorm":0,"learning_rate":0.002,"speed_benchmark":0,"gpu_backend":"cuda","lr_decay_factor":0.5,"gpu":0},"train_loss_history":[3.1465246677399,3.0415768623352,2.9323449134827,2.7907149791718,2.71169090271,2.6188094615936,2.6176030635834,2.588374376297,2.5858879089355,2.6039752960205,2.5596332550049,2.5453226566315,2.5419249534607,2.5227448940277,2.5017235279083,2.5137295722961,2.5228669643402,2.5111241340637,2.4687614440918,2.4880499839783,2.46031665802,2.4824371337891,2.4397387504578,2.4032692909241,2.416154384613,2.3672173023224,2.3686623573303,2.3167934417725,2.2826540470123,2.2707450389862,2.241021156311,2.2131805419922,2.2022895812988,2.1917057037354,2.1377530097961,2.1256051063538,2.0716438293457,2.0801155567169,1.9931955337524,1.983057975769,1.9833060503006,1.9323394298553,1.9144965410233,1.9161107540131,1.9123142957687,1.8683751821518,1.8447324037552,1.818680524826,1.8568949699402,1.7956779003143,1.7967706918716,1.7647302150726,1.7786917686462,1.7200957536697,1.732674241066,1.7320942878723,1.6886234283447,1.7052669525146,1.6611783504486,1.7049771547318,1.6574909687042,1.6969043016434,1.6514338254929,1.6488273143768,1.6285002231598,1.6631211042404,1.6311382055283,1.6292606592178,1.6114114522934,1.6430472135544,1.6209001541138,1.6438536643982,1.5835822820663,1.5769888162613,1.5720392465591,1.5756365060806,1.5741332769394,1.5399706363678,1.5458532571793,1.5104484558105,1.5336598157883,1.51735496521,1.5004026889801,1.4965833425522,1.4793869256973,1.4711954593658,1.4832776784897,1.4498385190964,1.4550766944885,1.4410899877548,1.4223363399506,1.4216831922531,1.4292736053467,1.4619495868683,1.412303686142,1.4495040178299,1.4317960739136,1.454859495163,1.4561743736267,1.4229778051376,1.4382418394089,1.4643207788467,1.4252749681473,1.4295407533646,1.3933393955231,1.3819407224655,1.4059983491898,1.3927347660065,1.3972289562225,1.4048663377762,1.3944759368896,1.3341401815414,1.3732023239136,1.392679810524,1.3975781202316,1.3668687343597,1.3828020095825,1.3640990257263,1.3565590381622,1.370375752449,1.3539437055588,1.3717235326767,1.3682602643967,1.3533493280411,1.3547222614288,1.3633564710617,1.3572572469711,1.3535374403,1.3552131652832,1.3697724342346,1.3575878143311,1.34927713871,1.352725148201,1.3377628326416,1.3407714366913,1.3463490009308,1.3520705699921,1.3519656658173,1.3213133811951,1.3235392570496,1.344294667244,1.3444445133209,1.3630400896072,1.3200988769531,1.3055608272552,1.319887638092,1.3047871589661,1.3346149921417,1.3385142087936,1.3027657270432,1.3210046291351,1.3064607381821,1.2927086353302,1.315789103508,1.2951238155365,1.2872632741928,1.2957127094269,1.288410782814,1.3098481893539,1.3157451152802,1.284744977951,1.2761614322662,1.2761341333389,1.2738723754883,1.2880910634995,1.2621314525604,1.26695561409,1.222586274147,1.2685039043427,1.2823173999786,1.2879256010056,1.2643065452576,1.2613860368729,1.2490941286087,1.2500222921371,1.2314293384552,1.2552210092545,1.2521013021469,1.2630245685577,1.2308112382889,1.2608715295792,1.2790175676346,1.2617465257645,1.2389340400696,1.2302463054657,1.2295484542847,1.2200833559036,1.2467967271805,1.2332334518433,1.2330288887024,1.2276737689972,1.2430466413498,1.2324711084366,1.2332429885864,1.2355940341949,1.2128931283951,1.234369635582,1.256267786026,1.2366379499435,1.2528086900711,1.2411142587662,1.2271320819855,1.2317078113556,1.2183283567429,1.2468799352646,1.245689034462,1.2409226894379,1.2681882381439,1.235871553421,1.2212963104248,1.2593352794647,1.2142325639725,1.2047799825668,1.218360543251,1.2223832607269,1.2309918403625,1.2354557514191,1.2339143753052,1.2173819541931,1.2171162366867,1.2445163726807,1.2071795463562,1.2281602621078,1.1860183477402,1.2056109905243,1.2286741733551,1.2150379419327,1.2107706069946,1.2146455049515,1.2151349782944,1.2150850296021,1.2081695795059,1.2195410728455,1.1938774585724,1.1870456933975,1.1790846586227,1.1888673305511,1.1629724502563,1.1801290512085,1.1860975027084,1.2141201496124,1.198114991188,1.2044078111649,1.1609879732132,1.198350071907,1.1874043941498,1.1870900392532,1.1807539463043,1.1647025346756,1.196689248085,1.2064201831818,1.1790580749512,1.1991847753525,1.2066118717194,1.2229692935944,1.2252564430237,1.1879028081894,1.1797310113907,1.2012890577316,1.1940432786942,1.1879398822784,1.173751115799,1.1875375509262,1.1999619007111,1.1788557767868,1.182879447937,1.1542012691498,1.1561424732208,1.1957180500031,1.2068246603012,1.2074059247971,1.2024804353714,1.199674487114,1.1892772912979,1.2071042060852,1.1934260129929,1.1525862216949,1.1657593250275,1.155494093895,1.1912033557892,1.1399275064468,1.1716635227203,1.1383517980576,1.1930668354034,1.1557469367981,1.1555891036987,1.1381882429123,1.1994296312332,1.1637711524963,1.1898099184036,1.2201182842255,1.1771318912506,1.1822550296783,1.1595674753189,1.146718621254,1.1391140222549,1.1367789506912,1.1644766330719,1.1630171537399,1.1635555028915,1.1442506313324,1.1506831645966,1.1439527273178,1.1475080251694,1.1472595930099,1.1348104476929,1.1295870542526,1.1236110925674,1.1471124887466,1.1224719285965,1.1189229488373,1.1246999502182,1.1285555362701,1.1203157901764,1.1546655893326,1.148698091507,1.1380785703659,1.1726830005646,1.1182761192322,1.1080232858658,1.1234397888184,1.1484599113464,1.1281398534775,1.1299160718918,1.139705657959,1.1233385801315,1.1202930212021,1.1190164089203,1.1182230710983,1.1104570627213,1.0954130887985,1.1039968729019,1.0842764377594,1.1000034809113,1.0663825273514,1.1034526824951,1.0931307077408,1.0877418518066,1.0691579580307,1.1108368635178,1.0899804830551,1.1086659431458,1.0832124948502,1.1133922338486,1.1268597841263,1.0899239778519,1.0969586372375,1.1102757453918,1.0906448364258,1.0681998729706,1.0665544271469,1.0578532218933,1.0597494840622,1.0805456638336,1.0858516693115,1.0761127471924,1.1000752449036,1.0701699256897,1.0890090465546,1.0984873771667,1.0717970132828,1.0753700733185,1.1017059087753,1.079559803009,1.0882021188736,1.0728821754456,1.0879706144333,1.0713398456573,1.1188681125641,1.0571396350861,1.0682088136673,1.0769706964493,1.0730953216553,1.0105950832367,1.0632160902023,1.0526676177979,1.0427896976471,1.0467364788055,1.0283443927765,1.0501439571381,1.0597962141037,1.088302731514,1.0746313333511,1.0731409788132,1.0473039150238,1.037411570549,1.0625120401382,1.0353189706802,1.0884103775024,1.0476393699646,1.0381006002426,1.0556472539902,1.0630524158478,1.0490207672119,1.0565612316132,1.0490665435791,1.0375530719757,1.0429689884186,1.0649518966675,1.0746780633926,1.0443328619003,1.0704863071442,1.0481439828873,1.0711833238602,1.0330264568329,1.0317535400391,1.0773612260818,1.0262906551361,1.0805331468582,1.0941549539566,1.0692476034164,1.0604857206345,1.0626803636551,1.0532406568527,1.050173163414,1.0372262001038,1.0707379579544,1.0485423803329,1.0459877252579,1.068568110466,1.0339215993881,1.0592863559723,1.0178130865097,1.0305539369583,1.0639338493347,1.0618867874146,1.0579475164413,1.0473037958145,1.0848072767258,1.0536096096039,1.0917420387268,1.0542658567429,1.1004345417023,1.0429999828339,1.0310816764832,1.0611978769302,1.0312471389771,1.058470249176,1.0532586574554,1.0274667739868,1.0397495031357,1.0290775299072,1.0355049371719,1.0215011835098,1.0272835493088,1.0510362386703,1.0286582708359,1.0176485776901,1.0277410745621,1.0434029102325,1.0841817855835,1.083883523941,1.0419418811798,1.0514818429947,1.0128387212753,1.0348111391068,1.0322939157486,1.0463117361069,1.0572324991226,1.0476875305176,1.0154753923416,1.0172846317291,1.0322158336639,1.0041934251785,1.0217847824097,1.0305509567261,